<?xml version="1.0" encoding="UTF-8"?>
<project-private xmlns="http://www.netbeans.org/ns/project-private/1">
    <editor-bookmarks xmlns="http://www.netbeans.org/ns/editor-bookmarks/2" lastBookmarkId="0"/>
    <open-files xmlns="http://www.netbeans.org/ns/projectui-open-files/2">
        <group>
            <file>file:/C:/Users/SSJ/Documents/INtel%20College/BTEC%20HND/Programming%20in%20Java/NetBeansProjects/schoolLibrarySysytem/src/schoollibrarysysytem/studentBorrowBook.java</file>
            <file>file:/C:/Users/SSJ/Documents/INtel%20College/BTEC%20HND/Programming%20in%20Java/NetBeansProjects/schoolLibrarySysytem/src/schoollibrarysysytem/login.java</file>
            <file>file:/C:/Users/SSJ/Documents/INtel%20College/BTEC%20HND/Programming%20in%20Java/NetBeansProjects/schoolLibrarySysytem/src/schoollibrarysysytem/studentRegister.java</file>
            <file>file:/C:/Users/SSJ/Documents/INtel%20College/BTEC%20HND/Programming%20in%20Java/NetBeansProjects/schoolLibrarySysytem/src/schoollibrarysysytem/studentMenu.java</file>
            <file>file:/C:/Users/SSJ/Documents/INtel%20College/BTEC%20HND/Programming%20in%20Java/NetBeansProjects/schoolLibrarySysytem/src/schoollibrarysysytem/viewTeachers.java</file>
        </group>
    </open-files>
</project-private>
